{
    "best_ratio": "90:10",
    "accuracy": 0.9319371727748691,
    "confusion_matrix": {
        "true_negative": 108,
        "false_positive": 4,
        "false_negative": 9,
        "true_positive": 70
    },
    "classification_report": {
        "negative": {
            "precision": 0.9230769230769231,
            "recall": 0.9642857142857143,
            "f1-score": 0.9432314410480349
        },
        "positive": {
            "precision": 0.9459459459459459,
            "recall": 0.8860759493670886,
            "f1-score": 0.9150326797385621
        },
        "weighted_avg": {
            "precision": 0.9325358382950005,
            "recall": 0.9319371727748691,
            "f1-score": 0.9315680790404519
        }
    }
}